﻿<?xml version="1.0" encoding="UTF-8"?>
<_1241350_1241363_1241378_1241431>
	<website>IOne</website>
	<url>http://ione.vnexpress.net</url>
	<category count="5">
		<item id="1" name="Du học" url="http://ione.vnexpress.net/tin-tuc/hoc-duong/du-hoc">
			<xpathlayout>//*[@id="ione_tinnoibat_khac"]/div</xpathlayout>
			<link>//*[@id="ione_tinnoibat_khac"]/div/div[2]/h3/a/@href</link>
			<title>//*[@id="ione_tinnoibat_khac"]/div/div[2]/h3/a</title>
			<image>//*[@id="ione_tinnoibat_khac"]/div/div[2]/div/a/img/@src</image>
			<date>//*[@id="ione_tinnoibat_khac"]/div/div[1]/div[1]</date>
			<description>//*[@id="ione_tinnoibat_khac"]/div/div[2]/p</description>
			<nextpage>//*[@id="contain"]/div[3]/div[1]/div[2]/ul/li[2]/a</nextpage>
			<xpathnextpage>//*[@id="contain"]/div[3]/div[1]/div[2]/ul</xpathnextpage>
		</item>
		<item id="2" name="Showbiz" url="http://ione.vnexpress.net/tin-tuc/showbiz">
			<xpathlayout>//*[@id="ione_tinnoibat_khac"]/div</xpathlayout>
			<link>//*[@id="ione_tinnoibat_khac"]/div/div[2]/h3/a/@href</link>
			<title>//*[@id="ione_tinnoibat_khac"]/div/div[2]/h3/a</title>
			<image>//*[@id="ione_tinnoibat_khac"]/div/div[2]/div/a/img/@src</image>
			<date>//*[@id="ione_tinnoibat_khac"]/div/div[1]/div[1]</date>
			<description>//*[@id="ione_tinnoibat_khac"]/div/div[2]/p</description>
			<nextpage>//*[@id="contain"]/div[3]/div[1]/div[2]/ul/li[2]/a</nextpage>
			<xpathnextpage>//*[@id="contain"]/div[3]/div[1]/div[2]/ul</xpathnextpage>
		</item>
		<item id="3" name="Thời trang" url="http://ione.vnexpress.net/tin-tuc/thoi-trang">
			<xpathlayout>//*[@id="ione_tinnoibat_khac"]/div</xpathlayout>
			<link>//*[@id="ione_tinnoibat_khac"]/div/div[2]/h3/a/@href</link>
			<title>//*[@id="ione_tinnoibat_khac"]/div/div[2]/h3/a</title>
			<image>//*[@id="ione_tinnoibat_khac"]/div/div[2]/div/a/img/@src</image>
			<date>//*[@id="ione_tinnoibat_khac"]/div/div[1]/div[1]</date>
			<description>//*[@id="ione_tinnoibat_khac"]/div/div[2]/p</description>
			<nextpage>//*[@id="contain"]/div[3]/div[1]/div[2]/ul/li[2]/a</nextpage>
			<xpathnextpage>//*[@id="contain"]/div[3]/div[1]/div[2]/ul</xpathnextpage>
		</item>
		<item id="4" name="Chiêm tinh" url="http://ione.vnexpress.net/tin-tuc/chiem-tinh">
			<xpathlayout>//*[@id="ione_tinnoibat_khac"]/div</xpathlayout>
			<link>//*[@id="ione_tinnoibat_khac"]/div/div[2]/h3/a/@href</link>
			<title>//*[@id="ione_tinnoibat_khac"]/div/div[2]/h3/a</title>
			<image>//*[@id="ione_tinnoibat_khac"]/div/div[2]/div/a/img/@src</image>
			<date>//*[@id="ione_tinnoibat_khac"]/div/div[1]/div[1]</date>
			<description>//*[@id="ione_tinnoibat_khac"]/div/div[2]/p</description>
			<nextpage>//*[@id="contain"]/div[3]/div[1]/div[2]/ul/li[2]/a</nextpage>
			<xpathnextpage>//*[@id="contain"]/div[3]/div[1]/div[2]/ul</xpathnextpage>
		</item>
		<item id="5" name="Giới tính" url="http://ione.vnexpress.net/tin-tuc/gioi-tinh">
			<xpathlayout>//*[@id="ione_tinnoibat_khac"]/div</xpathlayout>
			<link>//*[@id="ione_tinnoibat_khac"]/div/div[2]/h3/a/@href</link>
			<title>//*[@id="ione_tinnoibat_khac"]/div/div[2]/h3/a</title>
			<image>//*[@id="ione_tinnoibat_khac"]/div/div[2]/div/a/img/@src</image>
			<date>//*[@id="ione_tinnoibat_khac"]/div/div[1]/div[1]</date>
			<description>//*[@id="ione_tinnoibat_khac"]/div/div[2]/p</description>
			<nextpage>//*[@id="contain"]/div[3]/div[1]/div[2]/ul/li[2]/a</nextpage>
			<xpathnextpage>//*[@id="contain"]/div[3]/div[1]/div[2]/ul</xpathnextpage>
		</item>
	</category>
</_1241350_1241363_1241378_1241431>