﻿<?xml version="1.0" encoding="UTF-8"?>
<_1241350_1241363_1241378_1241431>
	<website>Người lao động</website>
	<url>http://nld.com.vn</url>
	<category count="6">
		<item id="1" name="Thời sự quốc tế" url="http://nld.com.vn/thoi-su-quoc-te.htm">
			<xpathlayout>//*[@id="content"]/div[1]/div[3]/div[2]/div</xpathlayout>
			<link>//*[@id="content"]/div[1]/div[3]/div[2]/div[1]/h3/a/@href</link>
			<title>//*[@id="content"]/div[1]/div[3]/div[2]/div[1]/h3/a</title>
			<image>//*[@id="content"]/div[1]/div[3]/div[2]/div[1]/a/img/@src</image>
			<date>//*[@id="content"]/div[1]/div[3]/div[2]/div[1]/p[1]</date>
			<description>//*[@id="content"]/div[1]/div[3]/div[2]/div[1]/p[2]</description>
			<nextpage>//*[@id="content"]/div[1]/div[3]/div[2]/div[11]/a[2]</nextpage>
			<xpathnextpage>//*[@id="content"]/div[1]/div[3]/div[2]/div[11]</xpathnextpage>
		</item>
		<item id="2" name="Thời sự trong nước" url="http://nld.com.vn/thoi-su-trong-nuoc.htm">
			<xpathlayout>//*[@id="content"]/div[1]/div[3]/div[2]/div</xpathlayout>
			<link>//*[@id="content"]/div[1]/div[3]/div[2]/div[1]/h3/a/@href</link>
			<title>//*[@id="content"]/div[1]/div[3]/div[2]/div[1]/h3/a</title>
			<image>//*[@id="content"]/div[1]/div[3]/div[2]/div[1]/a/img/@src</image>
			<date>//*[@id="content"]/div[1]/div[3]/div[2]/div[1]/p[1]</date>
			<description>//*[@id="content"]/div[1]/div[3]/div[2]/div[1]/p[2]</description>
			<nextpage>//*[@id="content"]/div[1]/div[3]/div[2]/div[11]/a[2]</nextpage>
			<xpathnextpage>//*[@id="content"]/div[1]/div[3]/div[2]/div[11]</xpathnextpage>
		</item>
		<item id="3" name="Văn hoá văn nghệ" url="http://nld.com.vn/van-hoa-van-nghe.htm">
			<xpathlayout>//*[@id="content"]/div[1]/div[3]/div[2]/div</xpathlayout>
			<link>//*[@id="content"]/div[1]/div[3]/div[2]/div[1]/h3/a/@href</link>
			<title>//*[@id="content"]/div[1]/div[3]/div[2]/div[1]/h3/a</title>
			<image>//*[@id="content"]/div[1]/div[3]/div[2]/div[1]/a/img/@src</image>
			<date>//*[@id="content"]/div[1]/div[3]/div[2]/div[1]/p[1]</date>
			<description>//*[@id="content"]/div[1]/div[3]/div[2]/div[1]/p[2]</description>
			<nextpage>//*[@id="content"]/div[1]/div[3]/div[2]/div[11]/a[2]</nextpage>
			<xpathnextpage>//*[@id="content"]/div[1]/div[3]/div[2]/div[11]</xpathnextpage>
		</item>
		<item id="4" name="Thể thao" url="http://nld.com.vn/the-thao.htm">
			<xpathlayout>//*[@id="content"]/div[1]/div[3]/div[2]/div</xpathlayout>
			<link>//*[@id="content"]/div[1]/div[3]/div[2]/div[1]/h3/a/@href</link>
			<title>//*[@id="content"]/div[1]/div[3]/div[2]/div[1]/h3/a</title>
			<image>//*[@id="content"]/div[1]/div[3]/div[2]/div[1]/a/img/@src</image>
			<date>//*[@id="content"]/div[1]/div[3]/div[2]/div[1]/p[1]</date>
			<description>//*[@id="content"]/div[1]/div[3]/div[2]/div[1]/p[2]</description>
			<nextpage>//*[@id="content"]/div[1]/div[3]/div[2]/div[11]/a[2]</nextpage>
			<xpathnextpage>//*[@id="content"]/div[1]/div[3]/div[2]/div[11]</xpathnextpage>
		</item>
		<item id="5" name="Sức khoẻ" url="http://nld.com.vn/suc-khoe.htm">
			<xpathlayout>//*[@id="content"]/div[1]/div[3]/div[2]/div</xpathlayout>
			<link>//*[@id="content"]/div[1]/div[3]/div[2]/div[1]/h3/a/@href</link>
			<title>//*[@id="content"]/div[1]/div[3]/div[2]/div[1]/h3/a</title>
			<image>//*[@id="content"]/div[1]/div[3]/div[2]/div[1]/a/img/@src</image>
			<date>//*[@id="content"]/div[1]/div[3]/div[2]/div[1]/p[1]</date>
			<description>//*[@id="content"]/div[1]/div[3]/div[2]/div[1]/p[2]</description>
			<nextpage>//*[@id="content"]/div[1]/div[3]/div[2]/div[11]/a[2]</nextpage>
			<xpathnextpage>//*[@id="content"]/div[1]/div[3]/div[2]/div[11]</xpathnextpage>
		</item>
		<item id="6" name="Tình yêu hôn nhân" url="http://nld.com.vn/tinh-yeu-hon-nhan.htm">
			<xpathlayout>//*[@id="content"]/div[1]/div[3]/div[2]/div</xpathlayout>
			<link>//*[@id="content"]/div[1]/div[3]/div[2]/div[1]/h3/a/@href</link>
			<title>//*[@id="content"]/div[1]/div[3]/div[2]/div[1]/h3/a</title>
			<image>//*[@id="content"]/div[1]/div[3]/div[2]/div[1]/a/img/@src</image>
			<date>//*[@id="content"]/div[1]/div[3]/div[2]/div[1]/p[1]</date>
			<description>//*[@id="content"]/div[1]/div[3]/div[2]/div[1]/p[2]</description>
			<nextpage>//*[@id="content"]/div[1]/div[3]/div[2]/div[11]/a[2]</nextpage>
			<xpathnextpage>//*[@id="content"]/div[1]/div[3]/div[2]/div[11]</xpathnextpage>
		</item>
	</category>
</_1241350_1241363_1241378_1241431>